{"cameraMode":{"drawMode":0,"name":"Shaded","section":"Shading Mode"},"sceneLighting":true,"audioPlay":false,"sceneViewState":{"showFog":true,"showMaterialUpdate":false,"showSkybox":true,"showFlares":true,"showImageEffects":true,"showParticleSystems":true},"in2DMode":false,"pivot":{"x":-37.23359298706055,"y":15.943971633911133,"z":3.0565052032470705},"rotation":{"x":0.058953993022441867,"y":0.5108678936958313,"z":0.03514844551682472,"w":-0.856918454170227},"size":37.545005798339847,"orthographic":false}