{"cameraMode":{"drawMode":0,"name":"Shaded","section":"Shading Mode"},"sceneLighting":true,"audioPlay":false,"sceneViewState":{"showFog":true,"showMaterialUpdate":false,"showSkybox":false,"showFlares":true,"showImageEffects":true,"showParticleSystems":true},"in2DMode":false,"pivot":{"x":-37.37135696411133,"y":4.430644989013672,"z":87.26444244384766},"rotation":{"x":0.08120383322238922,"y":-0.15050673484802247,"z":0.012194797396659851,"w":0.9852444529533386},"size":55.23824691772461,"orthographic":false}