{"cameraMode":{"drawMode":0,"name":"Shaded","section":"Shading Mode"},"sceneLighting":true,"audioPlay":false,"sceneViewState":{"showFog":true,"showMaterialUpdate":false,"showSkybox":false,"showFlares":true,"showImageEffects":true,"showParticleSystems":true},"in2DMode":false,"pivot":{"x":-12.37189769744873,"y":8.28884506225586,"z":0.027401089668273927},"rotation":{"x":0.25234147906303408,"y":-0.08995512872934342,"z":0.023371895775198938,"w":0.9632153511047363},"size":1.6806972026824952,"orthographic":false}