{"cameraMode":{"drawMode":0,"name":"Shaded","section":"Shading Mode"},"sceneLighting":true,"audioPlay":false,"sceneViewState":{"showFog":true,"showMaterialUpdate":false,"showSkybox":true,"showFlares":true,"showImageEffects":true,"showParticleSystems":true},"in2DMode":false,"pivot":{"x":-4.440598487854004,"y":5.0788984298706059,"z":1.5939254760742188},"rotation":{"x":-0.0113956518471241,"y":0.011092263273894787,"z":-0.00012118794984417036,"w":-0.9998965263366699},"size":10.725510597229004,"orthographic":false}