{"cameraMode":{"drawMode":0,"name":"Shaded","section":"Shading Mode"},"sceneLighting":true,"audioPlay":false,"sceneViewState":{"showFog":true,"showMaterialUpdate":false,"showSkybox":true,"showFlares":true,"showImageEffects":true,"showParticleSystems":true},"in2DMode":false,"pivot":{"x":-50.099220275878909,"y":-34.75147247314453,"z":-2.2223033905029299},"rotation":{"x":0.18625442683696748,"y":-0.3309630751609802,"z":0.06685665249824524,"w":0.9226837158203125},"size":18.657638549804689,"orthographic":false}