{"cameraMode":{"drawMode":0,"name":"Shaded","section":"Shading Mode"},"sceneLighting":true,"audioPlay":false,"sceneViewState":{"showFog":true,"showMaterialUpdate":false,"showSkybox":true,"showFlares":true,"showImageEffects":true,"showParticleSystems":true},"in2DMode":false,"pivot":{"x":-36.75117492675781,"y":-68.03677368164063,"z":87.02558898925781},"rotation":{"x":-0.1520589143037796,"y":-0.18903133273124696,"z":0.030575605109333993,"w":-0.9698144793510437},"size":84.1993637084961,"orthographic":false}