{"cameraMode":{"drawMode":0,"name":"Shaded","section":"Shading Mode"},"sceneLighting":true,"audioPlay":false,"sceneViewState":{"showFog":true,"showMaterialUpdate":false,"showSkybox":false,"showFlares":true,"showImageEffects":true,"showParticleSystems":true},"in2DMode":false,"pivot":{"x":85.36444091796875,"y":-32.412532806396487,"z":14.280534744262696},"rotation":{"x":0.14053669571876527,"y":0.6433728933334351,"z":-0.12202630937099457,"w":0.7426531910896301},"size":50.14582443237305,"orthographic":false}