{"cameraMode":{"drawMode":0,"name":"Shaded","section":"Shading Mode"},"sceneLighting":false,"audioPlay":false,"sceneViewState":{"showFog":true,"showMaterialUpdate":false,"showSkybox":false,"showFlares":true,"showImageEffects":true,"showParticleSystems":true},"in2DMode":false,"pivot":{"x":-1.794114112854004,"y":2.232773780822754,"z":2.2101945877075197},"rotation":{"x":-0.002133249072358012,"y":-0.9694456458091736,"z":0.24527236819267274,"w":-0.008492688648402691},"size":49.289791107177737,"orthographic":false}