{"cameraMode":{"drawMode":0,"name":"Shaded","section":"Shading Mode"},"sceneLighting":false,"audioPlay":false,"sceneViewState":{"showFog":true,"showMaterialUpdate":false,"showSkybox":false,"showFlares":true,"showImageEffects":true,"showParticleSystems":true},"in2DMode":false,"pivot":{"x":-4.380000114440918,"y":1.190000057220459,"z":10.710000038146973},"rotation":{"x":0.13032658398151399,"y":-0.8446033596992493,"z":0.23866906762123109,"w":0.4612027704715729},"size":3.7583072185516359,"orthographic":false}