{"cameraMode":{"drawMode":0,"name":"Shaded","section":"Shading Mode"},"sceneLighting":true,"audioPlay":false,"sceneViewState":{"showFog":true,"showMaterialUpdate":false,"showSkybox":true,"showFlares":true,"showImageEffects":true,"showParticleSystems":true},"in2DMode":false,"pivot":{"x":-122.67361450195313,"y":-204.74794006347657,"z":393.5167236328125},"rotation":{"x":-0.2183600217103958,"y":0.13511376082897187,"z":-0.03050507977604866,"w":-0.9660124778747559},"size":242.44436645507813,"orthographic":false}