{"cameraMode":{"drawMode":0,"name":"Shaded","section":"Shading Mode"},"sceneLighting":true,"audioPlay":false,"sceneViewState":{"showFog":true,"showMaterialUpdate":false,"showSkybox":true,"showFlares":true,"showImageEffects":true,"showParticleSystems":true},"in2DMode":false,"pivot":{"x":-11.25352954864502,"y":-16.178686141967775,"z":18.322437286376954},"rotation":{"x":-0.2384304404258728,"y":0.17426253855228425,"z":-0.04353412613272667,"w":-0.9544073343276978},"size":42.783050537109378,"orthographic":false}