{"cameraMode":{"drawMode":0,"name":"Shaded","section":"Shading Mode"},"sceneLighting":true,"audioPlay":false,"sceneViewState":{"showFog":true,"showMaterialUpdate":false,"showSkybox":true,"showFlares":true,"showImageEffects":true,"showParticleSystems":true},"in2DMode":false,"pivot":{"x":-3.1508374214172365,"y":1.1028859615325928,"z":-1.8159561157226563},"rotation":{"x":-0.053625382483005527,"y":0.2116583287715912,"z":-0.01162046566605568,"w":-0.9758244156837463},"size":10.731715202331543,"orthographic":false}