{"cameraMode":{"drawMode":0,"name":"Shaded","section":"Shading Mode"},"sceneLighting":true,"audioPlay":false,"sceneViewState":{"showFog":true,"showMaterialUpdate":false,"showSkybox":true,"showFlares":true,"showImageEffects":true,"showParticleSystems":true},"in2DMode":false,"pivot":{"x":-9.857396125793457,"y":-114.26700592041016,"z":190.56561279296876},"rotation":{"x":0.2714414894580841,"y":-0.05770457908511162,"z":0.01630605384707451,"w":0.9605889320373535},"size":116.47312927246094,"orthographic":false}